{"(6, 1)": [0.21405930817127228, 0.932200014591217], "(6, 2)": [0.131666898727417, 0.958899974822998], "(6, 3)": [0.11312894523143768, 0.9659000039100647], "(6, 4)": [0.1074109598994255, 0.9657999873161316], "(6, 5)": [0.10027866810560226, 0.9688000082969666], "(6, 6)": [0.11782748997211456, 0.9642000198364258], "(6, 7)": [0.08118727803230286, 0.9753000140190125], "(6, 8)": [0.08573587238788605, 0.9750000238418579], "(6, 9)": [0.07973810285329819, 0.9776999950408936], "(6, 10)": [0.06979335844516754, 0.9779000282287598], "(6, 11)": [0.07479638606309891, 0.9761999845504761], "(6, 12)": [0.07219606637954712, 0.9772999882698059], "(6, 13)": [0.06464748084545135, 0.9803000092506409], "(6, 14)": [0.06980157643556595, 0.9781000018119812], "(6, 15)": [0.06245683506131172, 0.980400025844574], "(6, 16)": [0.06741946935653687, 0.9790999889373779], "(6, 17)": [0.06783101707696915, 0.9804999828338623], "(6, 18)": [0.07057292759418488, 0.9775999784469604], "(6, 19)": [0.061859216541051865, 0.980400025844574], "(6, 20)": [0.06084117293357849, 0.9817000031471252], "(7, 1)": [0.21180985867977142, 0.9345999956130981], "(7, 2)": [0.14866258203983307, 0.9573000073432922], "(7, 3)": [0.10745879262685776, 0.9667999744415283], "(7, 4)": [0.08847836405038834, 0.9732999801635742], "(7, 5)": [0.09827125817537308, 0.9696000218391418], "(7, 6)": [0.08852317184209824, 0.972599983215332], "(7, 7)": [0.08841858804225922, 0.9704999923706055], "(7, 8)": [0.07152765989303589, 0.9785000085830688], "(7, 9)": [0.0778786838054657, 0.9751999974250793], "(7, 10)": [0.07519575208425522, 0.975600004196167], "(7, 11)": [0.06694164872169495, 0.9789000153541565], "(7, 12)": [0.07088939845561981, 0.9779999852180481], "(7, 13)": [0.06454160064458847, 0.9796000123023987], "(7, 14)": [0.07361233979463577, 0.9768999814987183], "(7, 15)": [0.0696120634675026, 0.977400004863739], "(7, 16)": [0.06573890149593353, 0.9789999723434448], "(7, 17)": [0.06831716746091843, 0.9786999821662903], "(7, 18)": [0.06454292684793472, 0.9794999957084656], "(7, 19)": [0.06838267296552658, 0.9767000079154968], "(7, 20)": [0.05568733438849449, 0.9825999736785889], "(8, 1)": [0.19207972288131714, 0.9419999718666077], "(8, 2)": [0.1381630301475525, 0.9559000134468079], "(8, 3)": [0.10669654607772827, 0.9675999879837036], "(8, 4)": [0.09002558887004852, 0.9704999923706055], "(8, 5)": [0.08751661330461502, 0.9732000231742859], "(8, 6)": [0.07702196389436722, 0.9757999777793884], "(8, 7)": [0.09373174607753754, 0.9714999794960022], "(8, 8)": [0.09681386500597, 0.97079998254776], "(8, 9)": [0.07303442060947418, 0.9761999845504761], "(8, 10)": [0.06315834820270538, 0.9797999858856201], "(8, 11)": [0.08587191998958588, 0.9735000133514404], "(8, 12)": [0.06842174381017685, 0.9787999987602234], "(8, 13)": [0.05704564228653908, 0.9815999865531921], "(8, 14)": [0.06276920437812805, 0.9793999791145325], "(8, 15)": [0.06088203191757202, 0.9810000061988831], "(8, 16)": [0.05581805855035782, 0.982699990272522], "(8, 17)": [0.051256634294986725, 0.9850000143051147], "(8, 18)": [0.05768284946680069, 0.9818999767303467], "(8, 19)": [0.06133377179503441, 0.9804999828338623], "(8, 20)": [0.05868823826313019, 0.9821000099182129], "(9, 1)": [0.2070179134607315, 0.9330999851226807], "(9, 2)": [0.12352341413497925, 0.9598000049591064], "(9, 3)": [0.12440597265958786, 0.9623000025749207], "(9, 4)": [0.0913829579949379, 0.9689000248908997], "(9, 5)": [0.07770750671625137, 0.9742000102996826], "(9, 6)": [0.08307048678398132, 0.9729999899864197], "(9, 7)": [0.07975870370864868, 0.9733999967575073], "(9, 8)": [0.08689726889133453, 0.9731000065803528], "(9, 9)": [0.08034800738096237, 0.9736999869346619], "(9, 10)": [0.07463491708040237, 0.9753000140190125], "(9, 11)": [0.08431479334831238, 0.9732999801635742], "(9, 12)": [0.07225149124860764, 0.9767000079154968], "(9, 13)": [0.06784998625516891, 0.9783999919891357], "(9, 14)": [0.059538666158914566, 0.9800999760627747], "(9, 15)": [0.06888521462678909, 0.9790999889373779], "(9, 16)": [0.06006472185254097, 0.98089998960495], "(9, 17)": [0.05849146842956543, 0.9818000197410583], "(9, 18)": [0.06532265245914459, 0.9775000214576721], "(9, 19)": [0.05986670404672623, 0.9812999963760376], "(9, 20)": [0.06321576982736588, 0.9800000190734863], "(10, 1)": [0.1924109309911728, 0.9412000179290771], "(10, 2)": [0.1475583016872406, 0.9570000171661377], "(10, 3)": [0.09651348739862442, 0.9707000255584717], "(10, 4)": [0.09359267354011536, 0.9707000255584717], "(10, 5)": [0.0815301164984703, 0.975600004196167], "(10, 6)": [0.0849374458193779, 0.9746999740600586], "(10, 7)": [0.07869384437799454, 0.9750999808311462], "(10, 8)": [0.08095025271177292, 0.9760000109672546], "(10, 9)": [0.07567939162254333, 0.9757000207901001], "(10, 10)": [0.07550268620252609, 0.9761999845504761], "(10, 11)": [0.0719163715839386, 0.9753999710083008], "(10, 12)": [0.07537954300642014, 0.9764999747276306], "(10, 13)": [0.06743110716342926, 0.9793000221252441], "(10, 14)": [0.07338722050189972, 0.9786999821662903], "(10, 15)": [0.05766244977712631, 0.9817000031471252], "(10, 16)": [0.06398987770080566, 0.9796000123023987], "(10, 17)": [0.059506095945835114, 0.9799000024795532], "(10, 18)": [0.06160714104771614, 0.9805999994277954], "(10, 19)": [0.05974553897976875, 0.9807999730110168], "(10, 20)": [0.062014222145080566, 0.9805999994277954]}