{"(11, 1)": [0.20335142314434052, 0.9362000226974487], "(11, 2)": [0.12812264263629913, 0.9609000086784363], "(11, 3)": [0.09732641279697418, 0.9702000021934509], "(11, 4)": [0.08664436638355255, 0.9711999893188477], "(11, 5)": [0.0945165604352951, 0.97079998254776], "(11, 6)": [0.09143219143152237, 0.972599983215332], "(11, 7)": [0.08556569367647171, 0.9731000065803528], "(11, 8)": [0.0771695151925087, 0.9761999845504761], "(11, 9)": [0.07359301298856735, 0.9758999943733215], "(11, 10)": [0.07423736155033112, 0.9761999845504761], "(11, 11)": [0.06881927698850632, 0.9782999753952026], "(11, 12)": [0.06731448322534561, 0.9768000245094299], "(11, 13)": [0.06745221465826035, 0.9775000214576721], "(11, 14)": [0.06833502650260925, 0.9786999821662903], "(11, 15)": [0.06529753655195236, 0.9782000184059143], "(11, 16)": [0.05977014824748039, 0.9799000024795532], "(11, 17)": [0.05729202181100845, 0.9807999730110168], "(11, 18)": [0.0590050183236599, 0.9799000024795532], "(11, 19)": [0.06069059297442436, 0.9800000190734863], "(11, 20)": [0.05138656124472618, 0.9837999939918518], "(12, 1)": [0.21878603100776672, 0.9341999888420105], "(12, 2)": [0.1490129977464676, 0.9545999765396118], "(12, 3)": [0.12455294281244278, 0.9607999920845032], "(12, 4)": [0.11189994215965271, 0.9666000008583069], "(12, 5)": [0.09678789973258972, 0.9696000218391418], "(12, 6)": [0.08421116322278976, 0.9740999937057495], "(12, 7)": [0.07680806517601013, 0.9761999845504761], "(12, 8)": [0.08393874019384384, 0.9739000201225281], "(12, 9)": [0.07227586954832077, 0.9761999845504761], "(12, 10)": [0.07274067401885986, 0.9764999747276306], "(12, 11)": [0.05966665595769882, 0.9800000190734863], "(12, 12)": [0.06715994328260422, 0.9779000282287598], "(12, 13)": [0.05798843875527382, 0.9810000061988831], "(12, 14)": [0.061764057725667953, 0.9796000123023987], "(12, 15)": [0.06579513847827911, 0.9796000123023987], "(12, 16)": [0.06084597110748291, 0.98089998960495], "(12, 17)": [0.06546784192323685, 0.9782999753952026], "(12, 18)": [0.06452575325965881, 0.9787999987602234], "(12, 19)": [0.0580095537006855, 0.9822999835014343], "(12, 20)": [0.05975278839468956, 0.9801999926567078], "(13, 1)": [0.1957581788301468, 0.9383000135421753], "(13, 2)": [0.13224393129348755, 0.9610999822616577], "(13, 3)": [0.12255948781967163, 0.9635000228881836], "(13, 4)": [0.10032054781913757, 0.9679999947547913], "(13, 5)": [0.08449677377939224, 0.9739000201225281], "(13, 6)": [0.0815914124250412, 0.9746999740600586], "(13, 7)": [0.08148428052663803, 0.973800003528595], "(13, 8)": [0.07045967876911163, 0.9775000214576721], "(13, 9)": [0.07058515399694443, 0.9775000214576721], "(13, 10)": [0.07051948457956314, 0.9772999882698059], "(13, 11)": [0.06847744435071945, 0.9783999919891357], "(13, 12)": [0.06271179765462875, 0.9800999760627747], "(13, 13)": [0.0671265572309494, 0.978600025177002], "(13, 14)": [0.06077392026782036, 0.9807999730110168], "(13, 15)": [0.0631902888417244, 0.9797999858856201], "(13, 16)": [0.06720128655433655, 0.9787999987602234], "(13, 17)": [0.058752696961164474, 0.9815999865531921], "(13, 18)": [0.05869453772902489, 0.9807999730110168], "(13, 19)": [0.05756208673119545, 0.9812999963760376], "(13, 20)": [0.05439630150794983, 0.9835000038146973], "(14, 1)": [0.22223547101020813, 0.9316999912261963], "(14, 2)": [0.11936281621456146, 0.9635999798774719], "(14, 3)": [0.10011989623308182, 0.9678999781608582], "(14, 4)": [0.08114249259233475, 0.9735000133514404], "(14, 5)": [0.10464590787887573, 0.9672999978065491], "(14, 6)": [0.08237972855567932, 0.9732000231742859], "(14, 7)": [0.07264450937509537, 0.9764999747276306], "(14, 8)": [0.07392776757478714, 0.977400004863739], "(14, 9)": [0.06596057862043381, 0.9793000221252441], "(14, 10)": [0.08603154867887497, 0.9729999899864197], "(14, 11)": [0.07025546580553055, 0.9783999919891357], "(14, 12)": [0.0737665444612503, 0.9782000184059143], "(14, 13)": [0.055828675627708435, 0.9819999933242798], "(14, 14)": [0.0686439648270607, 0.9783999919891357], "(14, 15)": [0.062278345227241516, 0.9801999926567078], "(14, 16)": [0.05508140102028847, 0.9819999933242798], "(14, 17)": [0.05895768478512764, 0.9807999730110168], "(14, 18)": [0.05693204328417778, 0.982200026512146], "(14, 19)": [0.05645916238427162, 0.9828000068664551], "(14, 20)": [0.0578538216650486, 0.982699990272522], "(15, 1)": [0.19789451360702515, 0.9387999773025513], "(15, 2)": [0.1413494199514389, 0.9571999907493591], "(15, 3)": [0.11095632612705231, 0.9646000266075134], "(15, 4)": [0.10262202471494675, 0.9685999751091003], "(15, 5)": [0.0910351350903511, 0.972100019454956], "(15, 6)": [0.07831460237503052, 0.9760000109672546], "(15, 7)": [0.08638511598110199, 0.9746000170707703], "(15, 8)": [0.07086770981550217, 0.9779000282287598], "(15, 9)": [0.07070565223693848, 0.9786999821662903], "(15, 10)": [0.0769561156630516, 0.9764000177383423], "(15, 11)": [0.06803863495588303, 0.9787999987602234], "(15, 12)": [0.06726957112550735, 0.9782999753952026], "(15, 13)": [0.06586325168609619, 0.9800000190734863], "(15, 14)": [0.06467510014772415, 0.9797000288963318], "(15, 15)": [0.06893622875213623, 0.9783999919891357], "(15, 16)": [0.061923179775476456, 0.9796000123023987], "(15, 17)": [0.05487051233649254, 0.9829000234603882], "(15, 18)": [0.0531197153031826, 0.9832000136375427], "(15, 19)": [0.05962018296122551, 0.9804999828338623], "(15, 20)": [0.0555526502430439, 0.9824000000953674]}