{"(16, 1)": [0.17816652357578278, 0.9434999823570251], "(16, 2)": [0.11072982102632523, 0.967199981212616], "(16, 3)": [0.10482554882764816, 0.9699000120162964], "(16, 4)": [0.08315730839967728, 0.9739000201225281], "(16, 5)": [0.07254474610090256, 0.9765999913215637], "(16, 6)": [0.07958288490772247, 0.973800003528595], "(16, 7)": [0.07518155127763748, 0.9751999974250793], "(16, 8)": [0.07365696877241135, 0.9764999747276306], "(16, 9)": [0.06755197793245316, 0.9785000085830688], "(16, 10)": [0.06454765796661377, 0.9801999926567078], "(16, 11)": [0.06043504178524017, 0.9811999797821045], "(16, 12)": [0.05936894565820694, 0.9811999797821045], "(16, 13)": [0.0608283095061779, 0.9803000092506409], "(16, 14)": [0.059666313230991364, 0.9807000160217285], "(16, 15)": [0.05689758434891701, 0.9815000295639038], "(16, 16)": [0.05613373965024948, 0.9821000099182129], "(16, 17)": [0.06571327894926071, 0.9797000288963318], "(16, 18)": [0.048800814896821976, 0.9847999811172485], "(16, 19)": [0.049594227224588394, 0.9847999811172485], "(16, 20)": [0.05642296001315117, 0.9812999963760376], "(17, 1)": [0.18002797663211823, 0.9437000155448914], "(17, 2)": [0.1216011494398117, 0.9620000123977661], "(17, 3)": [0.10790212452411652, 0.9643999934196472], "(17, 4)": [0.08805455267429352, 0.9715999960899353], "(17, 5)": [0.08564013242721558, 0.9740999937057495], "(17, 6)": [0.06990896910429001, 0.9786999821662903], "(17, 7)": [0.06995730847120285, 0.9768000245094299], "(17, 8)": [0.06847939640283585, 0.9783999919891357], "(17, 9)": [0.06686020642518997, 0.9794999957084656], "(17, 10)": [0.07302073389291763, 0.9769999980926514], "(17, 11)": [0.0762895867228508, 0.9758999943733215], "(17, 12)": [0.06899681687355042, 0.9779999852180481], "(17, 13)": [0.060408562421798706, 0.982200026512146], "(17, 14)": [0.06359795480966568, 0.9811000227928162], "(17, 15)": [0.0636100322008133, 0.9793000221252441], "(17, 16)": [0.06410899758338928, 0.9799000024795532], "(17, 17)": [0.06388218700885773, 0.9797000288963318], "(17, 18)": [0.05717647820711136, 0.9807999730110168], "(17, 19)": [0.05305849760770798, 0.983299970626831], "(17, 20)": [0.06010005995631218, 0.9807000160217285], "(18, 1)": [0.17909298837184906, 0.9445000290870667], "(18, 2)": [0.13208311796188354, 0.9587000012397766], "(18, 3)": [0.12912772595882416, 0.9603000283241272], "(18, 4)": [0.09585683792829514, 0.9700000286102295], "(18, 5)": [0.07876433432102203, 0.9735000133514404], "(18, 6)": [0.07873252034187317, 0.9757999777793884], "(18, 7)": [0.09607883542776108, 0.9703999757766724], "(18, 8)": [0.07535793632268906, 0.9768000245094299], "(18, 9)": [0.08252312988042831, 0.9728000164031982], "(18, 10)": [0.06800336390733719, 0.9779999852180481], "(18, 11)": [0.06444846838712692, 0.9803000092506409], "(18, 12)": [0.06340008229017258, 0.9793000221252441], "(18, 13)": [0.06002141907811165, 0.9805999994277954], "(18, 14)": [0.06008818373084068, 0.9807999730110168], "(18, 15)": [0.062334515154361725, 0.980400025844574], "(18, 16)": [0.058596789836883545, 0.9805999994277954], "(18, 17)": [0.06155722215771675, 0.9807000160217285], "(18, 18)": [0.05461418628692627, 0.9825999736785889], "(18, 19)": [0.06265939027070999, 0.980400025844574], "(18, 20)": [0.05837513506412506, 0.9811999797821045], "(19, 1)": [0.19098030030727386, 0.9438999891281128], "(19, 2)": [0.13619478046894073, 0.9577999711036682], "(19, 3)": [0.09778308123350143, 0.9693999886512756], "(19, 4)": [0.09792815893888474, 0.9703999757766724], "(19, 5)": [0.09852929413318634, 0.9688000082969666], "(19, 6)": [0.07992622256278992, 0.9735999703407288], "(19, 7)": [0.07931673526763916, 0.9753999710083008], "(19, 8)": [0.07879143953323364, 0.9747999906539917], "(19, 9)": [0.06975409388542175, 0.9775000214576721], "(19, 10)": [0.07214406132698059, 0.977400004863739], "(19, 11)": [0.06350386142730713, 0.980400025844574], "(19, 12)": [0.06822908669710159, 0.978600025177002], "(19, 13)": [0.060397062450647354, 0.9800000190734863], "(19, 14)": [0.055504389107227325, 0.9819999933242798], "(19, 15)": [0.0677640438079834, 0.9779000282287598], "(19, 16)": [0.06700742989778519, 0.9793999791145325], "(19, 17)": [0.051859259605407715, 0.9837999939918518], "(19, 18)": [0.05258003994822502, 0.982200026512146], "(19, 19)": [0.0625833198428154, 0.9803000092506409], "(19, 20)": [0.053435713052749634, 0.9819999933242798], "(20, 1)": [0.1829543262720108, 0.9402999877929688], "(20, 2)": [0.1253131926059723, 0.9593999981880188], "(20, 3)": [0.09153801947832108, 0.9706000089645386], "(20, 4)": [0.08401749283075333, 0.9736999869346619], "(20, 5)": [0.08729396760463715, 0.9735999703407288], "(20, 6)": [0.074581079185009, 0.9745000004768372], "(20, 7)": [0.07775739580392838, 0.9754999876022339], "(20, 8)": [0.0680716410279274, 0.9778000116348267], "(20, 9)": [0.05908120796084404, 0.9796000123023987], "(20, 10)": [0.07517065852880478, 0.9768999814987183], "(20, 11)": [0.06853695213794708, 0.9771000146865845], "(20, 12)": [0.06466049700975418, 0.9789000153541565], "(20, 13)": [0.06337881088256836, 0.9797999858856201], "(20, 14)": [0.051319096237421036, 0.9832000136375427], "(20, 15)": [0.05785756930708885, 0.980400025844574], "(20, 16)": [0.06030551716685295, 0.9814000129699707], "(20, 17)": [0.05067748576402664, 0.9829000234603882], "(20, 18)": [0.052208904176950455, 0.983299970626831], "(20, 19)": [0.06367811560630798, 0.9786999821662903], "(20, 20)": [0.06477293372154236, 0.9763000011444092]}