{"(1, 1)": [0.2139367163181305, 0.9333999752998352], "(1, 2)": [0.16198642551898956, 0.9505000114440918], "(1, 3)": [0.17700865864753723, 0.9466000199317932], "(1, 4)": [0.12493432313203812, 0.9635999798774719], "(1, 5)": [0.10160322487354279, 0.9681000113487244], "(1, 6)": [0.11001728475093842, 0.9650999903678894], "(1, 7)": [0.08631452918052673, 0.9728999733924866], "(1, 8)": [0.0895874872803688, 0.9721999764442444], "(1, 9)": [0.0964437797665596, 0.9692000150680542], "(1, 10)": [0.09151343256235123, 0.9717000126838684], "(1, 11)": [0.09887780249118805, 0.9674000144004822], "(1, 12)": [0.07335254549980164, 0.9771000146865845], "(1, 13)": [0.08214922249317169, 0.9747999906539917], "(1, 14)": [0.08227968215942383, 0.975600004196167], "(1, 15)": [0.07457083463668823, 0.9746999740600586], "(1, 16)": [0.07791181653738022, 0.9750999808311462], "(1, 17)": [0.07962071895599365, 0.9743000268936157], "(1, 18)": [0.06161965802311897, 0.9812999963760376], "(1, 19)": [0.0953393280506134, 0.9699000120162964], "(1, 20)": [0.07377906143665314, 0.9761999845504761], "(2, 1)": [0.21351662278175354, 0.9323999881744385], "(2, 2)": [0.13775712251663208, 0.9557999968528748], "(2, 3)": [0.14928241074085236, 0.9549000263214111], "(2, 4)": [0.11549223959445953, 0.9646000266075134], "(2, 5)": [0.10885822772979736, 0.9657999873161316], "(2, 6)": [0.09266284853219986, 0.9703999757766724], "(2, 7)": [0.11206745356321335, 0.9642000198364258], "(2, 8)": [0.08488170802593231, 0.973800003528595], "(2, 9)": [0.08274643868207932, 0.9722999930381775], "(2, 10)": [0.07776205986738205, 0.9767000079154968], "(2, 11)": [0.07985839992761612, 0.9750000238418579], "(2, 12)": [0.07706926763057709, 0.9763000011444092], "(2, 13)": [0.07189548015594482, 0.9781000018119812], "(2, 14)": [0.06850476562976837, 0.9767000079154968], "(2, 15)": [0.07033368945121765, 0.9789999723434448], "(2, 16)": [0.07700823247432709, 0.9765999913215637], "(2, 17)": [0.06362858414649963, 0.9796000123023987], "(2, 18)": [0.06954147666692734, 0.9772999882698059], "(2, 19)": [0.07230598479509354, 0.9771000146865845], "(2, 20)": [0.07182326167821884, 0.9771999716758728], "(3, 1)": [0.20694467425346375, 0.9351000189781189], "(3, 2)": [0.18123109638690948, 0.9408000111579895], "(3, 3)": [0.10833816975355148, 0.9664000272750854], "(3, 4)": [0.12441590428352356, 0.9617000222206116], "(3, 5)": [0.12219326198101044, 0.961899995803833], "(3, 6)": [0.10072612017393112, 0.970300018787384], "(3, 7)": [0.0742877721786499, 0.9768000245094299], "(3, 8)": [0.07245118170976639, 0.9757999777793884], "(3, 9)": [0.08524473011493683, 0.972599983215332], "(3, 10)": [0.0736207365989685, 0.9768000245094299], "(3, 11)": [0.0754426047205925, 0.9763000011444092], "(3, 12)": [0.08181013911962509, 0.9751999974250793], "(3, 13)": [0.07631870359182358, 0.9764999747276306], "(3, 14)": [0.0701998621225357, 0.9782000184059143], "(3, 15)": [0.06756243109703064, 0.9775999784469604], "(3, 16)": [0.07086066156625748, 0.9764999747276306], "(3, 17)": [0.061852190643548965, 0.9811000227928162], "(3, 18)": [0.05828925967216492, 0.9818000197410583], "(3, 19)": [0.06653697043657303, 0.9801999926567078], "(3, 20)": [0.07451284676790237, 0.9772999882698059], "(4, 1)": [0.20437824726104736, 0.9369999766349792], "(4, 2)": [0.12923464179039001, 0.9606000185012817], "(4, 3)": [0.11206131428480148, 0.9670000076293945], "(4, 4)": [0.08800750970840454, 0.9718000292778015], "(4, 5)": [0.10018344223499298, 0.9695000052452087], "(4, 6)": [0.106642946600914, 0.968500018119812], "(4, 7)": [0.08165597915649414, 0.9736999869346619], "(4, 8)": [0.09872414916753769, 0.9681000113487244], "(4, 9)": [0.07435330003499985, 0.975600004196167], "(4, 10)": [0.08481065928936005, 0.9746000170707703], "(4, 11)": [0.0710315853357315, 0.9761000275611877], "(4, 12)": [0.06689660251140594, 0.9794999957084656], "(4, 13)": [0.07439407706260681, 0.9763000011444092], "(4, 14)": [0.06700990349054337, 0.9790999889373779], "(4, 15)": [0.07765587419271469, 0.972599983215332], "(4, 16)": [0.06934471428394318, 0.9778000116348267], "(4, 17)": [0.07073467969894409, 0.9763000011444092], "(4, 18)": [0.0686221569776535, 0.9771000146865845], "(4, 19)": [0.06658244878053665, 0.9785000085830688], "(4, 20)": [0.07086926698684692, 0.9771000146865845], "(5, 1)": [0.22042283415794373, 0.9312000274658203], "(5, 2)": [0.1351674497127533, 0.95660001039505], "(5, 3)": [0.1179199367761612, 0.9624000191688538], "(5, 4)": [0.11494583636522293, 0.9639000296592712], "(5, 5)": [0.09927190095186234, 0.9700999855995178], "(5, 6)": [0.08847388625144958, 0.9735000133514404], "(5, 7)": [0.07125183939933777, 0.9764000177383423], "(5, 8)": [0.08786872774362564, 0.9724000096321106], "(5, 9)": [0.08547971397638321, 0.9728999733924866], "(5, 10)": [0.08028677105903625, 0.9742000102996826], "(5, 11)": [0.07183557003736496, 0.9771000146865845], "(5, 12)": [0.061971038579940796, 0.9797000288963318], "(5, 13)": [0.07229146361351013, 0.9772999882698059], "(5, 14)": [0.06263893097639084, 0.9804999828338623], "(5, 15)": [0.072305828332901, 0.9776999950408936], "(5, 16)": [0.06435496360063553, 0.9796000123023987], "(5, 17)": [0.06367341428995132, 0.9797000288963318], "(5, 18)": [0.06883314251899719, 0.9787999987602234], "(5, 19)": [0.05952737480401993, 0.9814000129699707], "(5, 20)": [0.06293085217475891, 0.9807999730110168]}